{"cameraMode":{"drawMode":0,"name":"Shaded","section":"Shading Mode"},"sceneLighting":true,"audioPlay":false,"sceneViewState":{"m_AlwaysRefresh":false,"showFog":true,"showSkybox":true,"showFlares":true,"showImageEffects":true,"showParticleSystems":true,"showVisualEffectGraphs":true,"m_FxEnabled":true},"in2DMode":false,"pivot":{"x":8.865696907043457,"y":-3.5403635501861574,"z":8.79235553741455},"rotation":{"x":0.004636107478290796,"y":-0.9811593890190125,"z":0.19257047772407533,"w":0.022747071459889413},"size":9.631020545959473,"orthographic":false}