{"cameraMode":{"drawMode":0,"name":"Shaded","section":"Shading Mode"},"sceneLighting":true,"audioPlay":false,"sceneViewState":{"m_AlwaysRefresh":false,"showFog":true,"showSkybox":true,"showFlares":true,"showImageEffects":true,"showParticleSystems":true,"showVisualEffectGraphs":true,"m_FxEnabled":true},"in2DMode":false,"pivot":{"x":-24.038721084594728,"y":1.3368734121322632,"z":23.892417907714845},"rotation":{"x":0.012894679792225361,"y":-0.642894983291626,"z":0.010782177560031414,"w":0.765794575214386},"size":0.24490074813365937,"orthographic":false}