{"cameraMode":{"drawMode":0,"name":"Shaded","section":"Shading Mode"},"sceneLighting":true,"audioPlay":false,"sceneViewState":{"m_AlwaysRefresh":false,"showFog":true,"showSkybox":true,"showFlares":true,"showImageEffects":true,"showParticleSystems":true,"showVisualEffectGraphs":true,"m_FxEnabled":true},"in2DMode":false,"pivot":{"x":-26.222013473510743,"y":1.2297192811965943,"z":23.80727195739746},"rotation":{"x":0.02138669230043888,"y":-0.9745529890060425,"z":0.10596255213022232,"w":0.19645564258098603},"size":0.24490074813365937,"orthographic":false}