{"cameraMode":{"drawMode":0,"name":"Shaded","section":"Shading Mode"},"sceneLighting":true,"audioPlay":false,"sceneViewState":{"m_AlwaysRefresh":false,"showFog":true,"showSkybox":true,"showFlares":true,"showImageEffects":true,"showParticleSystems":true,"showVisualEffectGraphs":true,"m_FxEnabled":true},"in2DMode":false,"pivot":{"x":-16.453779220581056,"y":2.9163527488708498,"z":21.49273681640625},"rotation":{"x":-0.039930298924446109,"y":-0.7318925261497498,"z":0.043133463710546496,"w":-0.6789575219154358},"size":1.2247449159622193,"orthographic":false}