{"cameraMode":{"drawMode":0,"name":"Shaded","section":"Shading Mode"},"sceneLighting":false,"audioPlay":false,"sceneViewState":{"m_AlwaysRefresh":false,"showFog":true,"showSkybox":false,"showFlares":true,"showImageEffects":true,"showParticleSystems":true,"showVisualEffectGraphs":true,"m_FxEnabled":true},"in2DMode":false,"pivot":{"x":-26.116424560546876,"y":1.9302533864974976,"z":24.243425369262697},"rotation":{"x":0.15536697208881379,"y":-0.8228121995925903,"z":0.26839399337768557,"w":0.47630104422569277},"size":0.0929076299071312,"orthographic":false}